StartDate,EndDate,Status,IPAddress,Progress,Duration (in seconds),Finished,RecordedDate,ResponseId,RecipientLastName,RecipientFirstName,RecipientEmail,ExternalReference,LocationLatitude,LocationLongitude,DistributionChannel,UserLanguage,subjID,expPurpose,Q1,Q2,Q3,Q4,Q5,Q6,Q7,Q8,Q9,Q10,Q11,Q12,Q13,Q14,Q15,Q16,Q17,Q18,Q19,Q20,Q21,Q22,Q23,Q24,Q25,Q26,Q27,Q28,Q29,Q30,Q31,Q32,Q33,Q34,Q35,Q36,Q37,Q38,Q39,Q40,Age,Gender,Ethnicity,SpHDisorder,SpHDisorder_2_TEXT,Degree,LingExp,Loc1_1,Loc1_2,Loc1_3,Loc1_4,Loc2_1,Loc2_2,Loc2_3,Loc2_4,Loc3_1,Loc3_2,Loc3_3,Loc3_4,Loc4_1,Loc4_2,Loc4_3,Loc4_4,Loc5_1,Loc5_2,Loc5_3,Loc5_4,Loc6_1,Loc6_2,Loc6_3,Loc6_4,Travel.NE_Visits,Travel.S_Visits,Travel.W_Visits,Travel.Can_Visits,Travel.NE_Time,Travel.S_Time,Travel.W_Time,Travel.Can_Time,FirstLang,Lang1_1,Lang1_2,Lang2_1,Lang2_2,Lang3_1,Lang3_2,Lang4_1,Lang4_2,Lang5_1,Lang5_2,Lang6_1,Lang6_2,Lang7_1,Lang7_2,LangSpeakFreq,LangHearFreq,SK1.WhereStandard,SK2.MichvStand,SK3.CanvStand,IK1.DecideCanada,IK2.CanWords,EK1.CanSpeak,EK1.CanSpeak.Diff,EK2.CanPron,EK2.CanPron.Diff,EK3.CanAI,EK3.CanAI.Diff,EK3.CanAI.Diff_1_TEXT,EK4.CanAU,EK4.CanAU.Diff,EK4.CanAU.Diff_1_TEXT,SE1.Fam.eh_1,SE1.Fam.oot_1,SE1.Fam.sorry_1,SE1.Fam.washroom_1,SE1.Fam.nasal_1,SE2.Freq.Recent_1,SE2.Freq.Child_1,SE2.Freq.Overall_1,SE3.Accuracy,SE4.CanHearImitate,SE4.auHearImitate,SE5.CanImitate,SE5.auImitate,PE1.KnowCan,PE1.Relatives,PE1.Relatives_1_TEXT,PE1.CloseFamFriends,PE1.CloseFamFriends_1_TEXT,PE2.CanSpeakFreq.Recent_1,PE2.CanSpeakFreq.Child_1,PE2.CanSpeakFreq.Overall_1,ME1.TVShows,ME2.HockeyFreq,ME3.Sources.People_1,ME3.Sources.TV_1,ME3.Sources.News_1,ME3.Sources.Hockey_1,ME3.Sources.Online_1,ME3.Sources.OtherMedia_1,ME3.Sources.OtherMedia_1_TEXT,ME3.Sources.Other_1,ME3.Sources.Other_1_TEXT,ME4.CanHearFreq.Recent_1,ME4.CanHearFreq.Child_1,ME4.CanHearFreq.Overall_1,SC0,PROLIFIC_PID
Start Date,End Date,Response Type,IP Address,Progress,Duration (in seconds),Finished,Recorded Date,Response ID,Recipient Last Name,Recipient First Name,Recipient Email,External Data Reference,Location Latitude,Location Longitude,Distribution Channel,User Language,"Please check that your Prolific ID is correct, then press the 'next' button to continue with the survey.",What do you think the experiment was about?,I can easily tell if someone else wants to enter a conversation.,"I find it difficult to explain to others things that I understand easily, when they don't understand it the first time.",I really enjoy caring for other people.,I find it hard to know what to do in a social situation.,People often tell me that I went too far in driving my point home in a discussion.,It doesn't bother me too much if I am late meeting a friend.,"Friendships and relationships are just too difficult, so I tend not to bother with them.",I often find it difficult to judge if something is rude or polite.,"In a conversation, I tend to focus on my own thoughts rather than on what my listener might be thinking.","When I was a child, I enjoyed cutting up worms to see what would happen.",I can pick up quickly if someone says one thing but means another.,It is hard for me to see why some things upset people so much.,I find it easy to put myself in somebody else's shoes.,I am good at predicting how someone will feel.,I am quick to spot when someone in a group is feeling awkward or uncomfortable.,"If I say something that someone else is offended by, I think that that's their problem, not mine.","If anyone asked me if I like their haricut, I would reply truthfully, even if I didn't like it.",I can't always see why someone should have felt offended by a remark.,Seeing people cry doesn't really upset me.,"I am very blunt, which some people take to be rudeness, even though this is unintentional.",I don't tend to find social situations confusing,Other people tell me I am good at understanding how they are feeling and what they are thinking.,"When I talk to people, I tend to talk about their experiences rather than my own.",It upsets me to see animals in pain.,I am able to make decisions without being influenced by people's feelings.,I can easily tell if someone else is interested or bored with what I am saying.,I get upset if I see people suffering on news programmes.,Friends usually talk to me about their problems as they say I am very understanding.,"I can sense if I am intruding, even if the other person doesn't tell me.",People sometimes tell me that I have gone too far with teasing.,"Other people often say that I am insensitive, though I don't always see why.","If I see a stranger in a group, I think that it is up to them to make an effort to join in.",I usually stay emotionally detached when watching a film.,I can tune into how someone else feels rapidly and intuitively.,I can easily work out what another person might want to talk about.,I can tell if someone is masking their true emotion.,I don't consciously work out the rules of social situations.,I am good at predicting what someone will do.,I tend to get emotionally involved with a friend's problems.,"I can usually appreciate the other person's viewpoint, even if I don't agree with it.",What is your age?,What gender do you identify as?,What is your ethnicity?,Do you have any speech or hearing disorders? - Selected Choice,Do you have any speech or hearing disorders? - Yes (please specify) - Text,What is the highest educational degree you have earned (or are in the process of earning)?,How much experience do you have with Linguistics (e.g. courses taken)?,"Where have you lived, and when? 
Beginning with the place where you were born, please list each town or city that you have lived in for 6 months or more and your approximate age at each place. - Location 1 - from Age","Where have you lived, and when? 
Beginning with the place where you were born, please list each town or city that you have lived in for 6 months or more and your approximate age at each place. - Location 1 - to Age","Where have you lived, and when? 
Beginning with the place where you were born, please list each town or city that you have lived in for 6 months or more and your approximate age at each place. - Location 1 - in Town/City,","Where have you lived, and when? 
Beginning with the place where you were born, please list each town or city that you have lived in for 6 months or more and your approximate age at each place. - Location 1 - State/Country","Where have you lived, and when? 
Beginning with the place where you were born, please list each town or city that you have lived in for 6 months or more and your approximate age at each place. - Location 2 - from Age","Where have you lived, and when? 
Beginning with the place where you were born, please list each town or city that you have lived in for 6 months or more and your approximate age at each place. - Location 2 - to Age","Where have you lived, and when? 
Beginning with the place where you were born, please list each town or city that you have lived in for 6 months or more and your approximate age at each place. - Location 2 - in Town/City,","Where have you lived, and when? 
Beginning with the place where you were born, please list each town or city that you have lived in for 6 months or more and your approximate age at each place. - Location 2 - State/Country","Where have you lived, and when? 
Beginning with the place where you were born, please list each town or city that you have lived in for 6 months or more and your approximate age at each place. - Location 3 - from Age","Where have you lived, and when? 
Beginning with the place where you were born, please list each town or city that you have lived in for 6 months or more and your approximate age at each place. - Location 3 - to Age","Where have you lived, and when? 
Beginning with the place where you were born, please list each town or city that you have lived in for 6 months or more and your approximate age at each place. - Location 3 - in Town/City,","Where have you lived, and when? 
Beginning with the place where you were born, please list each town or city that you have lived in for 6 months or more and your approximate age at each place. - Location 3 - State/Country","Where have you lived, and when? 
Beginning with the place where you were born, please list each town or city that you have lived in for 6 months or more and your approximate age at each place. - Location 4 - from Age","Where have you lived, and when? 
Beginning with the place where you were born, please list each town or city that you have lived in for 6 months or more and your approximate age at each place. - Location 4 - to Age","Where have you lived, and when? 
Beginning with the place where you were born, please list each town or city that you have lived in for 6 months or more and your approximate age at each place. - Location 4 - in Town/City,","Where have you lived, and when? 
Beginning with the place where you were born, please list each town or city that you have lived in for 6 months or more and your approximate age at each place. - Location 4 - State/Country","Where have you lived, and when? 
Beginning with the place where you were born, please list each town or city that you have lived in for 6 months or more and your approximate age at each place. - Location 5 - from Age","Where have you lived, and when? 
Beginning with the place where you were born, please list each town or city that you have lived in for 6 months or more and your approximate age at each place. - Location 5 - to Age","Where have you lived, and when? 
Beginning with the place where you were born, please list each town or city that you have lived in for 6 months or more and your approximate age at each place. - Location 5 - in Town/City,","Where have you lived, and when? 
Beginning with the place where you were born, please list each town or city that you have lived in for 6 months or more and your approximate age at each place. - Location 5 - State/Country","Where have you lived, and when? 
Beginning with the place where you were born, please list each town or city that you have lived in for 6 months or more and your approximate age at each place. - Locations 6+ - from Age","Where have you lived, and when? 
Beginning with the place where you were born, please list each town or city that you have lived in for 6 months or more and your approximate age at each place. - Locations 6+ - to Age","Where have you lived, and when? 
Beginning with the place where you were born, please list each town or city that you have lived in for 6 months or more and your approximate age at each place. - Locations 6+ - in Town/City,","Where have you lived, and when? 
Beginning with the place where you were born, please list each town or city that you have lived in for 6 months or more and your approximate age at each place. - Locations 6+ - State/Country","Where have you travelled, and for how long? For each of the following regions, please estimate th... - Number of visits - US Northeast/New England","Where have you travelled, and for how long? For each of the following regions, please estimate th... - Number of visits - US South","Where have you travelled, and for how long? For each of the following regions, please estimate th... - Number of visits - US West/West Coast","Where have you travelled, and for how long? For each of the following regions, please estimate th... - Number of visits - Canada","Where have you travelled, and for how long? For each of the following regions, please estimate th... - Culmulative time spent - US Northeast/New England","Where have you travelled, and for how long? For each of the following regions, please estimate th... - Culmulative time spent - US South","Where have you travelled, and for how long? For each of the following regions, please estimate th... - Culmulative time spent - US West/West Coast","Where have you travelled, and for how long? For each of the following regions, please estimate th... - Culmulative time spent - Canada",What is/are your first language(s)?,"What languages do you have experience with? Please include both languages you speak natively and ones you have learned in other settings (e.g. educational, self-study, etc.). 
When did you start learning this language? (If you started from birth, put 0.) - Language 1 - Language","What languages do you have experience with? Please include both languages you speak natively and ones you have learned in other settings (e.g. educational, self-study, etc.). 
When did you start learning this language? (If you started from birth, put 0.) - Language 1 - Age","What languages do you have experience with? Please include both languages you speak natively and ones you have learned in other settings (e.g. educational, self-study, etc.). 
When did you start learning this language? (If you started from birth, put 0.) - Language 2 - Language","What languages do you have experience with? Please include both languages you speak natively and ones you have learned in other settings (e.g. educational, self-study, etc.). 
When did you start learning this language? (If you started from birth, put 0.) - Language 2 - Age","What languages do you have experience with? Please include both languages you speak natively and ones you have learned in other settings (e.g. educational, self-study, etc.). 
When did you start learning this language? (If you started from birth, put 0.) - Language 3 - Language","What languages do you have experience with? Please include both languages you speak natively and ones you have learned in other settings (e.g. educational, self-study, etc.). 
When did you start learning this language? (If you started from birth, put 0.) - Language 3 - Age","What languages do you have experience with? Please include both languages you speak natively and ones you have learned in other settings (e.g. educational, self-study, etc.). 
When did you start learning this language? (If you started from birth, put 0.) - Language 4 - Language","What languages do you have experience with? Please include both languages you speak natively and ones you have learned in other settings (e.g. educational, self-study, etc.). 
When did you start learning this language? (If you started from birth, put 0.) - Language 4 - Age","What languages do you have experience with? Please include both languages you speak natively and ones you have learned in other settings (e.g. educational, self-study, etc.). 
When did you start learning this language? (If you started from birth, put 0.) - Language 5 - Language","What languages do you have experience with? Please include both languages you speak natively and ones you have learned in other settings (e.g. educational, self-study, etc.). 
When did you start learning this language? (If you started from birth, put 0.) - Language 5 - Age","What languages do you have experience with? Please include both languages you speak natively and ones you have learned in other settings (e.g. educational, self-study, etc.). 
When did you start learning this language? (If you started from birth, put 0.) - Language 6 - Language","What languages do you have experience with? Please include both languages you speak natively and ones you have learned in other settings (e.g. educational, self-study, etc.). 
When did you start learning this language? (If you started from birth, put 0.) - Language 6 - Age","What languages do you have experience with? Please include both languages you speak natively and ones you have learned in other settings (e.g. educational, self-study, etc.). 
When did you start learning this language? (If you started from birth, put 0.) - Others (please list, separated by a comma) - Language","What languages do you have experience with? Please include both languages you speak natively and ones you have learned in other settings (e.g. educational, self-study, etc.). 
When did you start learning this language? (If you started from birth, put 0.) - Others (please list, separated by a comma) - Age","What language do you speak most frequently? If you speak multiple languages with equal frequency, list them all.","What language do you hear most frequently? If you hear multiple languages with equal frequency, list them all.","Where in the U.S. (e.g. regions, states) do you think people generally speak the most standard American English?",How similar do you think Michigan English is to standard American English?,How similar do you think Canadian English is to standard American English?,"If you were asked to decide whether someone was from Canada or Michigan based only on how they speak, how often do you think you would be able to correctly identify a speaker from Canada?","Which of the following words, if any, do you think would be pronounced differently by someone from Canada, as opposed to someone from Michigan? Please select all that apply.",Do you think that there are differences between how Canadians speak (Canadian English) and how Michiganders speak (Michigan English)?,Explain what differences you notice between Canadian and Michigan English.,Do you think that there are any differences between how Canadians pronounce things and and how Michiganders pronounce things?,Explain what pronunciation differences you notice between Canadian and Michigan English.,"Do you think that Canadians pronounce words like bite, right and nice differently from Michiganders?",Can you describe how the pronunciation is different in Canadian English? - Selected Choice,Can you describe how the pronunciation is different in Canadian English? - Yes -- please describe: - Text,"Do you think that Canadians pronounce words like out, about and house differently from Michiganders?",Can you describe how the pronunciation is different in Canadian English? - Selected Choice,Can you describe how the pronunciation is different in Canadian English? - Yes -- please describe: - Text,How familiar are you with the following characterizations about Canadian English? - Please rate your familiarity with each statement: - Canadians say 'eh',How familiar are you with the following characterizations about Canadian English? - Please rate your familiarity with each statement: - Canadians say 'out and about' like 'oot and aboot',How familiar are you with the following characterizations about Canadian English? - Please rate your familiarity with each statement: - Canadians say 'sorry' rhyming with 'story' (instead of safari),How familiar are you with the following characterizations about Canadian English? - Please rate your familiarity with each statement: - Canadians say 'washroom' (instead of 'restroom'),How familiar are you with the following characterizations about Canadian English? - Please rate your familiarity with each statement: - Canadians sound more nasal,How often do you come across the stereotype that Canadians pronounce 'out and about' like 'oot an... - Please rate how often you have encountered this stereotype: - During the last 3 years,How often do you come across the stereotype that Canadians pronounce 'out and about' like 'oot an... - Please rate how often you have encountered this stereotype: - During childhood,How often do you come across the stereotype that Canadians pronounce 'out and about' like 'oot an... - Please rate how often you have encountered this stereotype: - Overall,How accurate do you think this stereotype is to the way Canadians actually speak?,"How often do you hear other people imitate Canadian speech (""Mock Canadian"")?","In the Canadian English imitations that you hear, how often do you notice the 'oot and aboot' pronunciation being used?",How often do you imitate Canadian speech yourself?,"In your own Canadian English imitations, how often do you use the 'oot and aboot' pronunciation?",Do you personally know (or have known in the past) anybody that grew up in Canada?,"Do you have any relatives from Canada? If yes, how many? - Selected Choice","Do you have any relatives from Canada? If yes, how many? - Yes - Text","Do you have any close friends and/or family from Canada? If yes, how many? - Selected Choice","Do you have any close friends and/or family from Canada? If yes, how many? - Yes - Text","In general, how often do you speak to people who are from Canada? - Please rate how often you have spoken to people from Canada: - During the last 3 years","In general, how often do you speak to people who are from Canada? - Please rate how often you have spoken to people from Canada: - During childhood","In general, how often do you speak to people who are from Canada? - Please rate how often you have spoken to people from Canada: - Overall",Which of the following series have you watched before? Please select all that apply.,How often do you watch hockey games?,"In a typical week, how often do you hear Canadian English from the following sources? - Please rate how often you hear Canadian English through: - people you talk to","In a typical week, how often do you hear Canadian English from the following sources? - Please rate how often you hear Canadian English through: - TV shows","In a typical week, how often do you hear Canadian English from the following sources? - Please rate how often you hear Canadian English through: - news (e.g. TV, radio)","In a typical week, how often do you hear Canadian English from the following sources? - Please rate how often you hear Canadian English through: - hockey-related media (e.g. game broadcasts, videos, interviews)","In a typical week, how often do you hear Canadian English from the following sources? - Please rate how often you hear Canadian English through: - online videos or podcasts (e.g. YouTube)","In a typical week, how often do you hear Canadian English from the following sources? - Please rate how often you hear Canadian English through: - other media (please specify)","In a typical week, how often do you hear Canadian English from the following sources? - Please rate how often you hear Canadian English through: - other media (please specify) - Text","In a typical week, how often do you hear Canadian English from the following sources? - Please rate how often you hear Canadian English through: - other sources (please specify)","In a typical week, how often do you hear Canadian English from the following sources? - Please rate how often you hear Canadian English through: - other sources (please specify) - Text","Across all sources, how often do you hear Canadian English? This includes personal experiences wi... - Please rate how often you have heard Canadian English: - During the last 3 years","Across all sources, how often do you hear Canadian English? This includes personal experiences wi... - Please rate how often you have heard Canadian English: - During childhood","Across all sources, how often do you hear Canadian English? This includes personal experiences wi... - Please rate how often you have heard Canadian English: - Overall",Score,PROLIFIC_PID
"{""ImportId"":""startDate"",""timeZone"":""America/Denver""}","{""ImportId"":""endDate"",""timeZone"":""America/Denver""}","{""ImportId"":""status""}","{""ImportId"":""ipAddress""}","{""ImportId"":""progress""}","{""ImportId"":""duration""}","{""ImportId"":""finished""}","{""ImportId"":""recordedDate"",""timeZone"":""America/Denver""}","{""ImportId"":""_recordId""}","{""ImportId"":""recipientLastName""}","{""ImportId"":""recipientFirstName""}","{""ImportId"":""recipientEmail""}","{""ImportId"":""externalDataReference""}","{""ImportId"":""locationLatitude""}","{""ImportId"":""locationLongitude""}","{""ImportId"":""distributionChannel""}","{""ImportId"":""userLanguage""}","{""ImportId"":""QID78_TEXT""}","{""ImportId"":""QID35_TEXT""}","{""ImportId"":""QID85""}","{""ImportId"":""QID86""}","{""ImportId"":""QID87""}","{""ImportId"":""QID88""}","{""ImportId"":""QID89""}","{""ImportId"":""QID90""}","{""ImportId"":""QID91""}","{""ImportId"":""QID92""}","{""ImportId"":""QID93""}","{""ImportId"":""QID94""}","{""ImportId"":""QID95""}","{""ImportId"":""QID96""}","{""ImportId"":""QID97""}","{""ImportId"":""QID98""}","{""ImportId"":""QID99""}","{""ImportId"":""QID100""}","{""ImportId"":""QID101""}","{""ImportId"":""QID102""}","{""ImportId"":""QID103""}","{""ImportId"":""QID104""}","{""ImportId"":""QID105""}","{""ImportId"":""QID106""}","{""ImportId"":""QID107""}","{""ImportId"":""QID108""}","{""ImportId"":""QID109""}","{""ImportId"":""QID110""}","{""ImportId"":""QID111""}","{""ImportId"":""QID112""}","{""ImportId"":""QID113""}","{""ImportId"":""QID114""}","{""ImportId"":""QID115""}","{""ImportId"":""QID116""}","{""ImportId"":""QID117""}","{""ImportId"":""QID118""}","{""ImportId"":""QID119""}","{""ImportId"":""QID120""}","{""ImportId"":""QID121""}","{""ImportId"":""QID122""}","{""ImportId"":""QID123""}","{""ImportId"":""QID124""}","{""ImportId"":""QID1_TEXT""}","{""ImportId"":""QID3_TEXT""}","{""ImportId"":""QID46_TEXT""}","{""ImportId"":""QID5""}","{""ImportId"":""QID5_2_TEXT""}","{""ImportId"":""QID4_TEXT""}","{""ImportId"":""QID76_TEXT""}","{""ImportId"":""QID81_1_1""}","{""ImportId"":""QID81_1_2""}","{""ImportId"":""QID81_1_3""}","{""ImportId"":""QID81_1_4""}","{""ImportId"":""QID81_2_1""}","{""ImportId"":""QID81_2_2""}","{""ImportId"":""QID81_2_3""}","{""ImportId"":""QID81_2_4""}","{""ImportId"":""QID81_3_1""}","{""ImportId"":""QID81_3_2""}","{""ImportId"":""QID81_3_3""}","{""ImportId"":""QID81_3_4""}","{""ImportId"":""QID81_4_1""}","{""ImportId"":""QID81_4_2""}","{""ImportId"":""QID81_4_3""}","{""ImportId"":""QID81_4_4""}","{""ImportId"":""QID81_5_1""}","{""ImportId"":""QID81_5_2""}","{""ImportId"":""QID81_5_3""}","{""ImportId"":""QID81_5_4""}","{""ImportId"":""QID81_6_1""}","{""ImportId"":""QID81_6_2""}","{""ImportId"":""QID81_6_3""}","{""ImportId"":""QID81_6_4""}","{""ImportId"":""QID7#1_2""}","{""ImportId"":""QID7#1_3""}","{""ImportId"":""QID7#1_4""}","{""ImportId"":""QID7#1_5""}","{""ImportId"":""QID7#2_2""}","{""ImportId"":""QID7#2_3""}","{""ImportId"":""QID7#2_4""}","{""ImportId"":""QID7#2_5""}","{""ImportId"":""QID82_TEXT""}","{""ImportId"":""QID9_1_1""}","{""ImportId"":""QID9_1_2""}","{""ImportId"":""QID9_2_1""}","{""ImportId"":""QID9_2_2""}","{""ImportId"":""QID9_3_1""}","{""ImportId"":""QID9_3_2""}","{""ImportId"":""QID9_4_1""}","{""ImportId"":""QID9_4_2""}","{""ImportId"":""QID9_5_1""}","{""ImportId"":""QID9_5_2""}","{""ImportId"":""QID9_6_1""}","{""ImportId"":""QID9_6_2""}","{""ImportId"":""QID9_7_1""}","{""ImportId"":""QID9_7_2""}","{""ImportId"":""QID17_TEXT""}","{""ImportId"":""QID18_TEXT""}","{""ImportId"":""QID129_TEXT""}","{""ImportId"":""QID131""}","{""ImportId"":""QID132""}","{""ImportId"":""QID44""}","{""ImportId"":""QID38""}","{""ImportId"":""QID21""}","{""ImportId"":""QID22_TEXT""}","{""ImportId"":""QID23""}","{""ImportId"":""QID24_TEXT""}","{""ImportId"":""QID25""}","{""ImportId"":""QID26""}","{""ImportId"":""QID26_1_TEXT""}","{""ImportId"":""QID27""}","{""ImportId"":""QID28""}","{""ImportId"":""QID28_1_TEXT""}","{""ImportId"":""QID50#1_1""}","{""ImportId"":""QID50#1_2""}","{""ImportId"":""QID50#1_3""}","{""ImportId"":""QID50#1_4""}","{""ImportId"":""QID50#1_5""}","{""ImportId"":""QID40#1_1""}","{""ImportId"":""QID40#1_2""}","{""ImportId"":""QID40#1_3""}","{""ImportId"":""QID53""}","{""ImportId"":""QID41""}","{""ImportId"":""QID54""}","{""ImportId"":""QID42""}","{""ImportId"":""QID55""}","{""ImportId"":""QID30""}","{""ImportId"":""QID63""}","{""ImportId"":""QID63_1_TEXT""}","{""ImportId"":""QID34""}","{""ImportId"":""QID34_1_TEXT""}","{""ImportId"":""QID66#1_1""}","{""ImportId"":""QID66#1_2""}","{""ImportId"":""QID66#1_3""}","{""ImportId"":""QID62""}","{""ImportId"":""QID68""}","{""ImportId"":""QID45#1_1""}","{""ImportId"":""QID45#1_2""}","{""ImportId"":""QID45#1_3""}","{""ImportId"":""QID45#1_4""}","{""ImportId"":""QID45#1_5""}","{""ImportId"":""QID45#1_6""}","{""ImportId"":""QID45#1_6_TEXT""}","{""ImportId"":""QID45#1_7""}","{""ImportId"":""QID45#1_7_TEXT""}","{""ImportId"":""QID57#1_1""}","{""ImportId"":""QID57#1_2""}","{""ImportId"":""QID57#1_3""}","{""ImportId"":""SC_6QBtjZqjY9o0dMN""}","{""ImportId"":""PROLIFIC_PID""}"
2020-09-05 07:55:16,2020-09-05 07:57:52,0,73.144.59.147,100,156,1,2020-09-05 07:57:53,R_UDqBbkrMxioD6xj,,,,,42.2324066162109375,-83.70169830322265625,anonymous,EN,preview1,1,,,,,,,,,,,,,,,,,,,,,,,,,,,,,,,,,,,,,,,,,11,1,1,1,,1,1,1,1,1,1,,,,,,,,,,,,,,,,,,,,,1,1,2,2,,,,,1,1,1,,,,,,,,,,,,,1,1,1,7,7,1,"3,4,22,29",2,,2,,1,,,1,,,4,4,3,4,6,5,4,5,5,3,4,4,4,1,1,,1,,3,4,5,,4,4,4,4,6,4,4,,6,,6,5,5,,preview1
2020-09-05 10:23:27,2020-09-05 10:35:29,0,68.36.25.103,100,722,1,2020-09-05 10:35:30,R_2OHJbiGvsinQbAC,,,,,42.2967071533203125,-85.20659637451171875,anonymous,EN,5cf308da81ea050017a6151e,I think the experiment was seeing how well we perceive differences in voice from those who sound like us and those with accents.,1,2,3,4,2,4,3,4,3,4,1,3,2,2,2,3,3,3,3,2,2,2,3,2,2,1,3,2,2,3,3,3,4,2,2,1,3,2,2,2,27,Male,Biracial black/white,1,,Bachelors,Introduction to linguistics course,0,18,Battle Creek,Michigan,18,22,Ann Arbor,Michigan,22,27,Battle Creek,Michigan,,,,,,,,,,,,,2,3,2,1,1,2,1,,English,English,0,,,,,,,,,,,,,English,English,Midwest,6,2,4,"4,6,10,13,16,18,20,24,27,30",1,Canadians tend to use more British style pronunciations and words such as color vs. colour.,1,"I think Canadians put more emphasis on ""our"" sounds.",2,,,1,1,More emphasis on the ou sounds compared to American English.,6,2,5,1,4,2,2,2,5,2,3,1,1,1,2,,2,,4,2,3,"3,4",1,1,1,1,1,2,1,,1,,3,2,2,41,5cf308da81ea050017a6151e
2020-09-05 10:32:35,2020-09-05 10:45:09,0,68.37.122.245,100,754,1,2020-09-05 10:45:10,R_3Emyj5Hm8M1nwt2,,,,,42.7366943359375,-84.475799560546875,anonymous,EN,5ef3d5382337cd17ee7e88cc,Biases in distinguishing accents,2,4,1,3,3,4,4,3,2,4,2,4,2,2,2,4,3,3,3,4,3,2,3,2,2,2,2,1,2,3,4,3,2,2,1,2,2,2,1,2,22,Woman,White,1,,PhD,0,0,18,East Lansing,MI,18,22,Ann Arbor,MI,,,,,,,,,,,,,,,,,3,2,3,2,2,1,2,1,English,English,0,Spanish,10,,,,,,,,,,,English,English,Midwest,6,4,2,"1,2,4,7,10,11,12,13,14,16,17,18,19,20,24,27",1,"Canadians and Michiganders use different vowel sounds for the same words (e.g. ""ou"" in ""about"" is pronounced differently).",1,Same as previous response - they use different vowel sounds for the same words.,1,1,"Canadians pronounce the ""i"" sound higher and slightly longer in these words than Michiganders do.",1,1,"Michiganders pronounce ""ou"" the same as ""ow"" whereas Canadians have a separate vowel sound for ""ou"" that is somewhere in between ""ow"" and ""oo.""",7,7,7,3,5,5,5,5,6,5,7,2,6,1,2,,2,,6,5,5,8,1,4,3,2,1,3,1,,1,,6,5,5,47,5ef3d5382337cd17ee7e88cc
2020-09-05 10:37:06,2020-09-05 10:51:21,0,47.225.188.32,100,855,1,2020-09-05 10:51:21,R_2xEMzWNocJD5nFV,,,,,43.0749969482421875,-85.563201904296875,anonymous,EN,5ef4b8cf1f15df0ae9c7a706,Identifying if there are similarities between tones and pronunciation,2,1,3,1,2,3,3,3,2,4,3,2,3,3,2,2,3,2,3,2,3,3,3,1,3,2,2,2,3,2,2,3,2,3,3,3,4,3,3,2,27,male,asian,1,,pharmd,Little,0,5,lansing,michigan,6,8,grand rapids,michigan,9,17,grandville,michigan,18,18,rockford,michigan,19,21,east lansing,michigan,22,27,rockford,michigan,1,2,3,2,1,1,2,1,"vietnamese, english, spanish, japanese",vietnamese,0,english,0,spanish,14,japanese,18,,,,,,,english and vietnamese,english,Southern America,5,4,3,"1,2,4,7,8,9,10,11,12,13,14,16,17,19,22,24,27,29",1,The ou sound is more pronounced in Canadian English,1,The ou is drawn out for Canadians. The Michigan ones are quicker and sound like ow,2,,,1,1,Moure pronounced in Canadian english and drawn out,5,6,6,4,3,6,4,5,5,4,6,2,5,1,2,,1,3,6,2,4,4,1,2,1,1,1,2,1,video games,2,podcasts,4,2,3,17,5ef4b8cf1f15df0ae9c7a706
2020-09-05 10:40:48,2020-09-05 10:52:51,0,68.40.75.111,100,723,1,2020-09-05 10:52:51,R_2vYYL8XeQDIgTPx,,,,,42.898406982421875,-85.72229766845703125,anonymous,EN,5f49398df2148f337324ecf9,Understanding differences better after hearing them more,2,4,1,2,4,3,4,2,3,4,3,2,1,1,2,4,4,3,3,4,2,1,3,1,3,2,1,1,1,4,4,3,1,2,2,2,3,2,3,2,27,Male,White,1,,Master's Degree,None,0,5,Hudsonville,MI,5,24,Grandville,MI,24,27,Byron Center,MI,,,,,,,,,,,,,1,3,1,2,1,2,1,1,English,English,0,,,,,,,,,,,,,English,English,Midwest,6,5,4,"2,4,7,9,10,16,18,19,21,23,24,27,29",1,Different inflections on syllables,1,"Michigan - About
Canada - Aboot",2,,,1,1,"Michigan - more emphasis on the out (owt)
Canada - Less emphasis (oot)",7,7,7,7,7,4,1,2,6,4,7,4,5,2,,,,,2,1,2,"2,4,8",3,2,3,1,2,2,1,,1,,3,1,2,49,5f49398df2148f337324ecf9
2020-09-05 10:25:20,2020-09-05 10:58:27,0,75.129.66.150,100,1986,1,2020-09-05 10:58:28,R_1QGkYdBwaRZ111M,,,,,44.44549560546875,-83.35810089111328125,anonymous,EN,5f4fc3f3e037580c36d1808e,good,1,1,1,2,2,1,1,1,2,1,1,2,1,1,1,1,2,1,1,1,2,2,2,2,1,1,1,1,2,1,1,2,2,2,1,1,2,1,2,2,40,female,white,1,,masters,good,1,10," Oscoda"," Michigan",11,15," Oscoda"," Michigan",16,20," Oscoda"," Michigan",21,27," Oscoda"," Michigan",28,35," Oscoda"," Michigan",36,40," Oscoda"," Michigan",3,4,4,4,2,1,2,3,english,english,5,,,,,,,,,,,,,english,english,good,7,7,4,"1,3,9,14,17",1,good,1,good,1,1,yes,1,1,yes,7,6,7,6,7,7,6,7,7,7,6,7,6,2,,,,,6,6,7,"1,3",7,7,6,6,7,7,6,,6,,7,6,7,33,5f4fc3f3e037580c36d1808e
2020-09-05 10:42:49,2020-09-05 11:02:33,0,71.82.109.178,100,1183,1,2020-09-05 11:02:33,R_25XflvlurlPrA1L,,,,,43.607696533203125,-83.949798583984375,anonymous,EN,5cf61f1ec0d98b00196ebc90,"To determine which pronunciation of the word is similar to each other ",2,3,1,3,3,4,4,3,4,2,2,4,2,2,2,4,4,3,4,3,2,2,2,1,2,2,1,1,2,3,4,3,4,2,1,2,4,2,2,3,31,Female,White,1,,"Highschool ",None,0,18,Saginaw,Michigan,18,20,"New Ulm ",Minnesota,20,21,Wisconsin Dells,Wisconsin,21,31,Bay City,Michigan,,,,,,,,,1,1,2,2,,,,,English,English,0,,,,,,,,,,,,,English,English,Yes,4,3,2,27,1,"Sometimes there's a difference in which syllable gets the emphasis put on it ",1,I notice that sometimes Canadians will put the emphasis on the first part of a word and that some words will have different meanings,2,,,1,1,"The ""ou"" vowels have the emphasis put on them more strongly than Michiganders will put. Canadians use the long 'u' sound and Michiganders will use the short ""u"" ",4,6,6,4,6,4,3,4,5,6,7,3,5,2,,,,,4,2,3,"4,5,6,8",4,4,3,2,4,2,1,,1,,3,2,2,50,5cf61f1ec0d98b00196ebc90
2020-09-05 10:41:31,2020-09-05 11:04:21,0,47.224.11.59,100,1369,1,2020-09-05 11:04:21,R_1l05sZf9kncSPVz,,,,,44.250396728515625,-85.43000030517578125,anonymous,EN,5f0df709c887690e5bede0ec,"Supposedly it was on language perception - how similar sounding words were when spoken with different inflections by the same person,",2,2,2,3,2,2,4,4,3,4,3,2,3,3,3,3,3,2,4,2,2,3,3,2,2,2,2,3,2,3,3,3,4,2,2,3,2,3,2,2,66,female,white,1,,master's degree,0,0,18,midland,michigan,18,22,east lansing,michigan,22,24,goshen,indiana,24,40,st charles,missouri,40,46,beaverton,oregon,46,present,holland,michigan,2,3,3,2,1,2,4,1,english,english,0,french,16,,,,,,,,,,,english,english,midwest,5,5,3,"4,7,10",1,Canadians say eh more than people from Michigan (except in the upper peninsula.,1,"Sorry, I answered the last question with pronunciation differences. Canadians use ""eh"" more often than MIchiganders in the lower peninsula.",2,,,1,1,"A Canadian pronounces ""About"" more like aboot.",7,7,1,1,1,6,2,6,6,4,7,2,5,1,2,,2,,1,2,2,"4,6,8",2,1,2,1,2,2,2,radio,2,in stores,2,2,2,29,5f0df709c887690e5bede0ec
2020-09-05 10:59:49,2020-09-05 11:10:30,0,69.136.154.15,100,640,1,2020-09-05 11:10:30,R_1QN6S2H2dH8laUS,,,,,42.8802032470703125,-85.5352020263671875,anonymous,EN,5eb4a3fb75168630c3e6fdb1,"I would say pronounciation, but I actually think it was an endurance test.  To see if people could stay focused.",2,2,3,2,3,4,2,4,2,4,1,4,1,1,1,2,2,3,2,1,2,2,2,1,1,1,1,3,1,2,3,3,4,2,2,2,3,2,4,2,46,Male,Caucasian,1,,B.S. in Engineering,None,0,3,Erie,PA,3,18,Middleville,MI,18,22,Ann Arbor,MI,22,46,Byron Center,MI,,,,,,,,,2,3,3,3,1,2,1,1,English,Spanish,15,,,,,,,,,,,,,English,English,Iowa,5,3,3,"4,7,9,10,11,13,14,16,19,21,24,27,29",1,Northern Michigan speaks closer to Canadian English.  Big difference is the vowel pronounciation.,1,Vowels.  Specifically o's.,2,,,1,1,Longer o's,7,7,7,2,4,6,6,6,6,6,6,6,6,1,2,,1,2,7,3,5,1,1,7,4,2,1,1,1,,1,,6,3,5,39,5eb4a3fb75168630c3e6fdb1
2020-09-05 11:07:30,2020-09-05 11:17:48,0,24.50.151.83,100,617,1,2020-09-05 11:17:48,R_231sUPgsaBAug79,,,,,46.0966033935546875,-88.64099884033203125,anonymous,EN,5f5065f8c62ac41e03484ba1,"To see if people will make up a difference between the sounds after hearing them long enough.
",1,3,2,1,3,2,4,3,3,4,2,2,3,2,1,2,3,2,2,3,3,2,2,3,1,2,4,1,2,4,3,2,1,2,3,2,3,2,4,2,19,Male,White,1,,Associates Degree,Lots,0,19,Iron River,MI,,,,,,,,,,,,,,,,,,,,,2,,2,,1,,1,,English,English,0,,,,,,,,,,,,,English,English,California English,4,4,3,"1,9,15,18,20,21,23",1,"I feel that Canadian and Michigan English are the closest in sounding alike, while other states sound a lot more different.",1,"I can not name any off the top of my head, but there are a few, Michigan English is mostly like Canadian English though.",2,,,2,,,7,7,7,7,1,5,5,5,5,5,5,4,5,2,,,,,3,3,3,,2,2,2,2,6,3,1,,1,,3,2,2,30,5f5065f8c62ac41e03484ba1
2020-09-05 11:24:09,2020-09-05 11:37:17,0,98.224.254.166,100,787,1,2020-09-05 11:37:17,R_3e7U6wdgXtjKQKJ,,,,,42.737701416015625,-84.52390289306640625,anonymous,EN,5d8de6eaafa2c40019f2375e,how we hear different sounds in michigan and canada,1,1,1,2,4,4,1,4,4,4,1,4,1,1,1,4,2,1,4,4,4,1,2,1,4,1,1,1,1,4,4,3,4,1,2,2,2,2,2,1,58,female,white,1,,high school,none,born,2,marshall,michigan,2,58,lansing,michigan,,,,,,,,,,,,,,,,,,,,2,,,,,english,english,0,none,,none,,none,,none,,none,,none,,english,english,midwest,7,6,3,"1,5,22",1,the sound is different,2,,2,,,2,,,7,7,4,4,4,4,4,4,5,4,4,1,1,2,,,,,1,1,4,4,1,3,3,3,3,3,1,,1,,3,1,3,61,5d8de6eaafa2c40019f2375e
2020-09-05 11:11:52,2020-09-05 11:47:15,0,96.27.27.180,100,2122,1,2020-09-05 11:47:15,R_2dHk6JzMuRm1u9I,,,,,42.4723052978515625,-82.99669647216796875,anonymous,EN,5f4fe2d73a8bb611a36a94c4,"I think the experiment was to see how people from different parts of America understand different pronunciations of words, and to see how different parts of the words are said in different areas.",1,3,2,2,3,3,4,3,3,4,2,2,1,2,1,3,3,4,3,3,2,2,3,1,2,1,2,2,1,3,4,3,3,2,2,2,3,2,3,1,21,Male,Mixed,2,I have had a stuttering issue since I was around 5-6.,High School Diploma,2 Years of Spanish in High School,0,1,Warren,Michigan,1,3,Clawson,Michigan,3,21,Warren,Michigan,,,,,,,,,,,,,1,2,2,2,,,,,English,English,0,Spanish,14,,,,,,,,,,,English,English,Midwest United States,6,5,2,"4,9,10,13,20,27,30",1,"Being from Michigan and listening to the audio, I noticed that people from Michigan under pronounced some letters, whereas from Canada, they sounded our letters like O an I more. Also with Canadian English, it sounded slightly more European while still having a mainly American accent.",1,"Canadian English sounds like it pronounces letters a bit more than Michigan English would such as O and I. I feel like the word ""Without"" for example would be pronounced slightly different in Canada than it is in Michigan.",1,1,"I think that the ""I"" in those words would be more pronounced than it would be in Michigan English.",1,1,"I feel like in Michigan we don't usually pronounce the ""O"" as much as the would in Canadian English.",7,4,4,6,6,1,2,2,3,3,1,2,1,1,1,2,1,1,3,2,3,"2,3",1,1,1,1,1,3,4,Discord Voice Chat,2,Games with Voice Chat,3,1,2,45,5f4fe2d73a8bb611a36a94c4
2020-09-05 11:06:33,2020-09-05 11:49:32,0,174.84.71.218,100,2578,1,2020-09-05 11:49:32,R_O1BMa8xzhCm1g3v,,,,,42.9116973876953125,-83.987701416015625,anonymous,EN,5f4e5470ade9a50008e5df29,differences in accents between Michigan and Canada,2,2,1,2,3,3,2,3,2,4,3,3,2,3,3,3,3,3,4,3,3,3,2,1,2,2,1,2,2,2,3,3,3,3,3,3,3,2,2,2,38,male,white,1,,Bachelors,none,0,33,Flushing,Michigan,33,38,Swartz Creek,Michigan,,,,,,,,,,,,,,,,,2,2,2,1,1,1,1,1,English,English,0,,,,,,,,,,,,,English,English,"Northern East Coast, West coast, Most of the Northern Midwest",6,6,3,"9,18,30",1,"I don't have any specific examples in mind, but there are a couple YouTube channels I watch with Canadian hosts and I'll hear an accent here and there.",1,"I don't have any specific examples in mind, but I've heard an accent from Canadian speakers on YouTube (and other places) as I mentioned before. If I was on the street and heard someone from Canada talking without knowing them, I'm not sure I would be able to identify the accent as Canadian though.",2,,,1,1,"With the word 'about', I heard it more as ""a-boot"" sometimes. With ""out"" I think I've heard more emphasis on the 'O' more like and ""owe-ut"". With 'house' I've as a more like who-use, sort of.",7,7,7,5,3,5,6,5,5,4,6,2,4,2,,,,,6,4,6,"1,4",1,1,2,2,1,6,1,,1,,6,6,6,30,5f4e5470ade9a50008e5df29
2020-09-05 11:30:36,2020-09-05 11:51:47,0,98.224.218.107,100,1271,1,2020-09-05 11:51:48,R_uyTwoCMkk4nWvZf,,,,,42.270904541015625,-83.72679901123046875,anonymous,EN,5f4cf071633ed2922c6e06dd,"subtle differences in sound, can affect hearing and change word or enunciation... was the word sight or cite for example",2,1,2,2,2,4,2,3,3,4,2,3,2,2,2,3,2,3,3,3,3,2,2,1,3,2,2,2,3,3,2,3,4,3,2,3,3,2,2,2,38,male,white,2,"slight cauliflower ear in the left ear,  so ear buds dont fit exactly and fall out and even with headphones there is a slight muffle to the left side where damaged, right side is fine. I seem to have an 80/100 hearing according to last doctors visit",bach. degree,none,0,14,Taylor,Mi,14,20,Chelsea,MI,20,24,Ypsilanti,MI,24,28,Ann Arbor,MI,28,38,Saline,MI,,,,,3,2,2,2,2,1,1,1,English,Spanish,15,,,,,,,,,,,,,English,English,Not michigan - half our state has an accent,4,3,3,"1,4,7,9,10,12,13,14,16,19,20,24,29",1,"longer enunciation on some words, sharper delivery on some. There are subtle and then major differences depending on region and how thick an accent are. My west coast canadian friends sound entirely different than east coast canadian friends and they both say I have an accent from michigan ",1,"its hard to say, but just watch fargo with their accent and drawl on words, is how i picture our northern neighbors to us --  and its even more pronounced the french canadians who speak english, its just an accent that affects delivery a little bit",1,1,longer vowel sounds sometimes,1,1,"how we say ""about"", they almost are portrayed as french Canadians and seem to have picked up and say ""aboot"" (as do people in Wisconsin or Minnesota)",5,5,5,7,3,4,2,3,5,2,3,1,1,1,2,,1,a dozen or so,7,1,6,"1,2,4,7,8",2,6,4,4,1,3,6,Ventrillo (Chat),7,Discord Gaming Community,7,3,6,33,5f4cf071633ed2922c6e06dd
2020-09-05 11:12:33,2020-09-05 11:55:11,0,73.161.160.55,100,2558,1,2020-09-05 11:55:11,R_1l4r3pd4BoOupoj,,,,,42.0731048583984375,-83.21269989013671875,anonymous,EN,5d295e07d3edf9001a801625,"I am not sure.  Differences in pronunciation between American and Canadian accents?  Some of the words spoken had a definite difference, where some sounded completely the same.",1,2,1,3,4,2,4,4,3,4,2,3,1,2,2,3,4,3,4,4,1,2,2,1,2,1,2,1,1,4,4,3,4,2,2,2,1,2,1,1,51,Female,White,2,Just ringing in the ears (tinnitus),Vocational training after high school,None,0,33,Livonia,Michigan/USA,33,37,Carleton,Michigan/USA,37,51,South Rockwood,Michigan/USA,,,,,,,,,,,,,2,2,1,3,1,1,,1,English,French,13,,,,,,,,,,,,,English,English,"Midwest.  ",6,5,3,"1,7,8,17,19,24,27",1,"The main one that I can think of is how some words with -ou in them are pronounced.  Like ""about"" for example.  I would say a-BOWT, with the ""O"" sounding like ""ow"" like when someone hurts themselves.  I think some Canadian people say a-BOOT.  That might be a little bit of an exaggeration, but there is a definite difference.",1,"The main one I can think of is as i said before - the pronunciation of words with -ou in them.  In MIchigan we pronounce them ""ow"" with a short ""o"".  In Canada I have heard them pronounced more like ""oo"".  With some people the, difference is slight, but with others, it is much more prounounced.",1,1,"Not sure, but I think the ""i"" might sound more like the word ""aye"" rather than like a long ""i"".",1,1,"In Michigan we would pronounce -ou like ""ow"" as in ""Ow, that hurt.""  With Canadian English, It sounds more similar to ""-oo"".  Every one is different.  In some, the difference is very slight, but in other cases it is definitely different. ",7,7,7,1,1,3,1,3,5,3,3,1,1,1,2,,2,,1,3,3,,1,1,2,1,1,1,1,,1,,3,3,3,58,5d295e07d3edf9001a801625
2020-09-05 11:51:33,2020-09-05 12:00:13,0,68.43.244.25,100,519,1,2020-09-05 12:00:13,R_28TIglgk57NKWGD,,,,,42.331298828125,-83.46559906005859375,anonymous,EN,5f47f3b013fe2f2537aba6da,Your accuracy when hearing someone of your region speak when compared to hearing someone of another region speak,1,3,1,3,4,4,3,4,3,4,1,4,1,1,1,4,4,4,4,4,1,1,1,1,2,1,1,1,1,4,4,4,4,1,1,1,2,1,1,2,19,Male,White,1,,Bachelors,None,0,5,Canton,Michigan,5,18,Westland,Michigan,18,19,East Lansing,Michigan,,,,,,,,,,,,,2,3,1,1,1,2,1,1,English,English,0,German,13,,,,,,,,,,,English,English,The Midwest,5,4,2,"6,10,13,18,20,30",1,"Michiganders tend to speak very nasally compared to other English speakers, and Canadians tend to emphasize their o sounds. Comparing Gretchen Whitmer and Justin Trudeau, there is a slight, but distinctive, difference between them.",1,"As mentioned before, our vowels are slightly different from each other",1,2,,1,2,,7,7,7,7,1,4,4,4,5,3,7,3,7,1,2,,2,,2,1,2,7,2,1,1,1,1,1,1,,1,,2,1,2,72,5f47f3b013fe2f2537aba6da
2020-09-05 11:46:33,2020-09-05 12:08:07,0,76.219.130.124,100,1293,1,2020-09-05 12:08:07,R_2PANdUCGdM6zoDr,,,,,42.1381988525390625,-83.21790313720703125,anonymous,EN,5f50903add6f01204a2a60c3,Evaluating subtle differences in word sounds between two places with seeming identical sounding accents and whether native residents can determine these differences.,3,2,1,3,3,2,1,4,2,4,3,3,3,3,2,3,3,3,4,1,2,4,3,1,3,2,2,1,2,2,2,3,4,3,2,3,4,3,2,3,25,Male,Latino,1,,High School Diploma,I've taken one speech class in high school.,0,2,Allen Park,MI,2,20,Westland,MI,20,21,Denver,CO,21,22,Westland,MI,22,23,Livonia,MI,23,25,Westland,MI,1,3,1,2,1,4,1,1,English,English,0,Spanish,13,Japanese,25,,,,,,,,,English,English,Midwest,4,3,3,"4,10,13,19,27",1,"Mainly subtle differences in pronouncing certain vowel sounds, a slight French influence.",1,"Stereotypically, ""about"" sounds like ""aboot"".  Most ""ow"" sounds tend to sound like ""oo"" when spoken by Canadians, to my ear at least.",2,,,1,1,"As I mentioned, ""ow"" sounds trail into ""oo"" sounds.",7,7,3,2,1,6,2,4,5,1,1,1,1,2,,,,,3,1,2,"2,5",1,1,2,2,1,6,4,Concerts,2,Commercials or Ads,5,2,3,29,5f50903add6f01204a2a60c3
2020-09-05 12:11:26,2020-09-05 12:28:21,0,185.230.125.2,100,1014,1,2020-09-05 12:28:21,R_Dww4CsIzutDcDGV,,,,,47.3939971923828125,8.44500732421875,anonymous,EN,5f498900c3368e3df50ea6ac,Testing to see if people could notice very subtle differences in accents for American and Canadian people,2,4,1,1,4,1,4,4,1,4,1,1,4,3,1,3,4,2,4,1,4,4,3,1,4,1,2,1,1,4,3,4,2,2,1,4,1,2,1,1,22,Male,Middle Eastern,1,,Bachelors Degree,0,0,4,Dearborn,MI,4,Current,Dearborn Heights,MI,,,,,,,,,,,,,,,,,1,2,2,3,1,1,2,1,English,Arabic,0,,,,,,,,,,,,,English,English,"Midwest, West coast",6,6,2,"1,2,4,7,12,16,19,24,27",1,"The e's are a bit different. Canadian English seems to put more emphasis on some of the vowels as well. For instance the world ""workout"" is said with more emphasis/accent on the o in Canadian English but Michigan English just passes over it in a way ",1,"The way some of the vowels are pronounces, some have more emphasis than others",1,1,"The i would be a different pitch. In Michigan English we would says bite but in Canadian English it would be kind of like ""Byte"" but not as hard y sound, just harsher than Michigan English",2,,,7,1,7,7,5,4,1,2,5,2,2,2,1,1,2,,2,,3,1,2,,1,2,1,1,1,3,1,N/A,1,N/A,3,1,2,48,5f498900c3368e3df50ea6ac
2020-09-05 12:23:22,2020-09-05 12:35:03,0,68.41.182.69,100,701,1,2020-09-05 12:35:04,R_1Q0IfCXvL1U2nUP,,,,,42.6968994140625,-82.82450103759765625,anonymous,EN,5c698bdf707a740001032f4e,This experiment was about ones listening/interpreting skills.,2,3,1,1,4,3,2,3,4,4,2,3,1,2,2,2,2,3,4,2,4,1,2,1,3,1,2,1,1,4,4,2,3,1,2,2,2,2,2,1,30,FEMALE.,WHITE.,1,,SOME COLLEGE.,NONE.,0,2,ATLANTA,GEORGIA,2,8,DETROIT,MICHIGAN,8,11,MT CLEMENS,MICHIGAN,11,13,ROSEVILLE,MICHIGAN,13,18,FLINT,MICHIGAN,18,30,CHESTERFIELD,MICHIGAN,1,1,4,1,1,1,4,1,ENGLISH.,ENGLISH,0,,,,,,,,,,,,,ENGLISH.,ENGLISH.,"DETROIT, MICHIGAN",7,6,4,"4,7,9,10,13,16,19,27",1,I TEND TO NOTICE THAT O'S SOUND/ARE PRONOUNCED DIFFERENT BETWEEN CANADIAN & MICHIGAN ENGLISH.,1,HOW THE LETTER 0 IS SAID.,2,,,1,1,"CANADIANS SEEM TO DRAG OUT THE SOUND OF THE LETTER O, IMO.",7,7,1,2,1,1,1,4,7,2,6,1,1,1,2,,2,,1,1,1,"2,3,4,8",1,1,1,1,1,2,1,,1,,1,1,1,48,5c698bdf707a740001032f4e
2020-09-05 12:21:10,2020-09-05 12:39:02,0,68.37.35.247,100,1071,1,2020-09-05 12:39:02,R_0lBjDDP3uIEcWVr,,,,,42.28070068359375,-83.78009796142578125,anonymous,EN,5f49891aeb2e884fb829b84f,Determining if people can tell the difference between slight audio warps of the same sound files.,2,2,2,2,1,2,2,2,2,4,2,4,2,2,2,4,2,4,4,2,3,3,2,1,3,2,2,2,1,3,3,3,4,2,2,2,2,2,2,2,22,Male,White,1,,Bachelors degree,0,0,4,Ann Arbor,Michigan,5,8,Canton,Michigan,9,20,Westland,Michigan,21,22,Ann Arbor,Michigan,,,,,,,,,1,2,2,2,,1,1,1,English,Spanish,12,,,,,,,,,,,,,English,English,Northeast US,5,4,3,"1,2,4,10,11,13,16,19,24,27",1,"Canadians often pronounce ou like ""oo"" and ight with extra finesse. Also stuff like zed instead of z.",1,"pronounce ou like ""oo"" and ight with more finesse.",1,1,they emphasize the I vowel a bit more.,1,1,"They use a more ""oo"" sound instead of ""ow""",6,6,6,1,2,3,4,4,5,2,5,1,1,1,2,,1,1,4,4,4,3,1,1,1,1,1,1,1,,1,,4,4,4,37,5f49891aeb2e884fb829b84f
2020-09-05 12:18:10,2020-09-05 12:40:56,0,24.180.139.125,100,1366,1,2020-09-05 12:40:57,R_cHqmLl5STv7sjE5,,,,,43.1772003173828125,-85.2472991943359375,anonymous,EN,5f010d04305a1425a9ac7206,no idea. It could be to see how many breaks people would take.,2,2,3,1,2,4,2,1,2,4,2,2,1,2,2,3,3,1,3,1,4,2,2,1,2,3,3,3,3,3,3,2,3,2,3,3,2,2,3,1,49,female,white,1,,Associate Degree in Arts and Sciences,I took a Speech class in college circa 1993 where we all had to give multiple speeches.,0,2,Ovid,MI/USA,2,4,Ionia,MI/USA,5,8,Sheridan,MI/USA,8,23,Edmore,MI/USA,23,23.5,Honolulu,HI/USA,24,49,Edmore,MI/USA,2,1,1,2,1,,,1,English,English,0,,,,,,,,,,,,,English,English,North Dakota,6,6,4,"4,10,19,27",1,"Canadians don't say ""out"" with an ""ow"" sound like how. They say it like ""oat"" or ""oot"", like ""about"" becomes ""aboat"" or ""aboot.""

Also they finish their sentences with ""eh"" a lot. ",1,"The words about and out are said differently by Canadians.  They would say ""aboot"" or ""oot"". ",2,,,1,1,"Canadians say ""aboot"" or ""aboat"" instead of ""about.""",7,7,7,1,1,4,1,3,6,2,2,2,2,1,2,,2,,1,1,3,"1,4,8",1,1,2,1,1,1,1,,1,,2,1,2,25,5f010d04305a1425a9ac7206
